States,Foss,STEMScopes,AmplifyScience,Tynker,Minecraft,STEMFuse,TechTerraEdducation,AllOtherNGSSCurriculum,SAMLabs,StrawBees,Arduino,AmplifyScience,Ozobot,MakeyMakey,Dremel,BBCmicrobit,Edison,UBTech,Engino,MicrosoftHololens,ClassVR,Prusa,PiTop,KinderlabRobotics,XYZPrinting,Makeblock,Bloxels,Robo3D,HTCVive,Kano,Oculus,Glowforge,Cubelets,BirdbrainTechnology,LulzBot,BeeBots,RaspberryPi,Sparkfun,KNex,SnapCircuits,Ultimaker,Wonderworkshop,Littlebits,Sphero,ZSpace,PascoScientific,Makerbot,Pitsco,Vernier,LEGOEducation,Vex,TOTAL,StudentPopulation,PopulationDensity,DistrictCount
Alabama,$0.00,$0.00,$0.00,"$36,072.04",$0.00,"$13,498.00",$0.00,"$14,598.00",$0.00,$0.00,$0.00,$0.00,"$8,144.09","$1,865.72",$34.99,$0.00,$0.00,$0.00,$0.00,$0.00,$0.00,$0.00,$0.00,$939.12,"$19,096.04",$0.00,$272.50,"$1,590.00",$0.00,$161.71,$0.00,"$6,990.00",$0.00,"$57,650.00",$0.00,"$8,303.55",$0.00,"$1,461.00",,$0.00,$0.00,"$108,045.00","$44,161.00","$253,035.00","$125,824.00","$126,216.00","$170,151.75","$160,781.50","$214,775.00","$793,663.00","$767,765.00",2870925.97,739716,$3.88,177
Alaska,$300.70,"$1,950.00",$0.00,$336.50,"$6,375.54",$0.00,$0.00,"$812,436.00",$0.00,$0.00,"$12,503.46","$5,177.12","$10,499.91","$1,052.19","$3,099.16",$0.00,$0.00,$0.00,$89.95,$0.00,$0.00,"$2,625.99",$0.00,"$16,987.53",$0.00,$0.00,"$1,225.00",$0.00,"$1,091.52",$0.00,"$8,143.88","$4,795.00",,$0.00,$0.00,$0.00,"$2,643.00","$11,446.00","$6,405.00","$21,939.00","$8,267.00",$79.99,"$5,750.36","$192,274.00",$0.00,"$19,072.00","$283,684.48","$230,791.00","$286,513.58","$186,818.00","$77,977.00",1400951.12,130963,$10.70,54
Arizona,"$22,698.73",$0.00,$0.00,"$54,095.00","$21,268.97",$0.00,$0.00,"$442,176.00",$0.00,"$1,206.13","$8,632.71",$0.00,"$14,250.29","$12,118.96","$4,265.47",$197.50,"$11,020.54",$0.00,"$1,021.52",$0.00,$0.00,$353.98,$0.00,$0.00,$730.64,"$1,406.32",$497.10,$0.00,"$3,995.00","$2,989.77","$24,597.71","$2,000.00","$4,710.70","$2,179.00","$6,840.00","$2,387.00","$11,783.00","$7,751.00",,"$21,939.00",$0.00,"$19,538.00","$26,509.00","$15,489.00","$88,639.00","$19,290.00","$161,098.91","$779,014.00","$355,065.00","$635,317.00","$330,417.00",2577250.25,1141511,$2.26,717
Arkansas,"$44,321.11","$378,478.76",$0.00,1820*,"$24,175.31","$1,998.00",$0.00,"$305,013.00",$0.00,"$3,385.53","$16,031.33",$0.00,"$18,646.28","$44,260.24","$4,585.70","$2,980.84",$170.00,$0.00,$144.02,"$3,500.00",$0.00,"$3,944.81","$2,935.21","$3,301.80","$2,837.10",1149.93*,"$1,276.23",$63.00,"$1,456.00","$1,172.00","$303,425.00",$0.00,"$15,648.00","$14,988.00","$9,477.00","$46,448.00","$32,382.00","$16,479.00",,"$21,939.00","$27,338.00","$78,136.00","$70,171.00","$153,383.00","$715,992.00","$41,477.00","$483,470.52","$430,245.00","$828,476.00","$590,636.00","$1,560,000.00",5550800.61,495291,$11.21,294
California,"$1,520,000.00","$1,293,986.26","$10,010,000.00","$336,531.90","$224,505.93","$109,838.39",$0.00,"$27,060,000.00","$19,013.00",,"$622,389.98","$1,187,299.00","$370,873.05","$393,627.31","$110,796.30","$19,787.80","$350,174.93","$21,494.05","$13,045.36","$536,607.50","$80,641.05","$51,050.01","$38,915.81","$32,919.05","$75,382.76","$183,662.45","$16,257.11","$174,336.00","$121,322.00","$80,661.00","$171,927.00","$418,985.00","$428,700.00","$374,386.00","$313,398.00","$282,962.00","$356,971.00","$432,608.00",,"$390,805.00","$420,950.00","$1,470,000.00","$1,330,000.00","$1,460,000.00","$1,290,000.00","$3,550,000.00","$4,700,000.00","$2,810,000.00","$7,750,000.00","$12,650,000.00","$15,220,000.00",60321947.52,6272734,$9.62,2174
Colorado,"$64,051.30","$61,841.47",$0.00,"$16,262.50","$5,995.35","$5,994.00",$0.00,"$2,380,000.00",$599.00,"$1,461.53","$45,439.64","$38,390.00","$18,938.76","$24,419.56",$0.00,$131.94,"$15,253.40",$0.00,$166.45,$0.00,"$15,111.18","$7,112.18",$0.00,$438.90,"$12,849.78","$2,030.80","$16,391.01",$0.00,"$1,852.95","$4,917.00","$11,493.00","$44,205.00","$24,098.00","$7,865.16","$205,032.00","$19,077.00","$14,999.00","$235,383.00","$46,132.00","$18,975.00","$9,591.00","$110,002.00","$130,407.00","$189,628.00","$192,692.00","$252,055.00","$516,316.69","$549,323.00","$995,358.00","$1,080,000.00","$1,140,000.00",5998135.93,911536,$6.58,270
Connecticut,$83.95,"$6,693.75",$0.00,"$10,339.00","$3,323.19","$1,698.00",$518.00,"$470,942.00",$0.00,$706.54,"$11,713.07",$0.00,"$5,647.17","$5,378.75","$4,365.48",$0.00,"$2,875.72","$1,396.00","$1,154.73",$0.00,$0.00,$0.00,$0.00,$916.30,$910.50,183.84*,"$2,300.62",$0.00,"$8,599.00",$150.00,$199.00,$0.00,"$20,075.00","$9,671.00","$3,073.00","$3,257.13","$19,106.00","$9,942.00","$26,211.00","$10,172.00","$15,294.00","$14,620.00","$58,349.00","$13,885.00","$14,511.00","$119,247.00","$362,758.07","$254,421.00","$369,567.00","$278,208.00","$520,686.00",2169366.08,526634,$4.12,204
District of Columbia,$0.00,$0.00,$0.00,$0.00,$0.00,$0.00,$0.00,"$3,547.00",$0.00,$0.00,$0.00,$0.00,$0.00,$0.00,$0.00,$0.00,$0.00,$0.00,$0.00,$0.00,$0.00,$0.00,$0.00,$0.00,$0.00,$0.00,$0.00,$0.00,$0.00,$0.00,$0.00,$0.00,$0.00,$0.00,$0.00,$0.00,$0.00,$0.00,$0.00,$0.00,$0.00,"$1,628.00",$0.00,$0.00,$0.00,$0.00,"$20,429.83","$28,341.00","$16,756.00",$0.00,"$82,288.00",149442.83,138405,$1.08,47
Delaware,$0.00,$0.00,$0.00,$0.00,$0.00,"$1,497.00",$0.00,"$23,845.00","$2,718.00",$0.00,$0.00,$0.00,$0.00,$0.00,$0.00,$0.00,$0.00,$0.00,$0.00,$0.00,$0.00,$0.00,$0.00,$0.00,$0.00,$0.00,$0.00,$0.00,$0.00,"$6,885.00",$0.00,"$10,279.00",$0.00,"$4,594.00",$0.00,$0.00,$0.00,"$6,005.00","$2,448.00",$0.00,$0.00,"$24,121.00",$863.00,"$14,200.00",$0.00,"$50,474.00","$154,695.74","$402,353.00","$578,219.00","$252,838.00","$337,341.00",1848033.74,93741,$19.71,68
Florida,"$2,754.00","$2,754,276.43","$28,695.00","$92,933.00","$46,808.04","$13,739.00",$0.00,"$5,210,000.00","$13,278.00",,"$76,485.30","$28,694.00","$131,254.47","$79,610.54","$27,856.00",$611.50,"$7,494.43","$2,287.47","$2,819.02","$14,000.00",$598.00,"$1,796.71","$1,374.99","$50,646.62","$14,060.66",13718.11*,"$21,462.84","$107,492.00","$13,492.00","$26,981.00","$65,278.00","$57,280.00","$220,960.00","$3,967.36","$83,134.00","$136,299.00","$68,165.00","$124,668.00",,"$202,891.00","$205,241.00","$307,717.00","$390,029.00","$377,703.00","$2,990,000.00","$1,640,000.00","$1,700,000.00","$5,790,000.00","$2,290,000.00","$6,340,000.00","$3,440,000.00",27055627.91,2846444,$9.51,76
Georgia,$0.00,"$700,715.10","$15,000.00","$17,800.00","$17,373.58","$8,468.00",$0.00,"$2,040,000.00","$4,884.12",$996.54,"$35,543.44","$15,000.00","$31,498.68","$29,282.44","$53,738.00","$1,280.18","$2,596.43",$939.65,"$102,419.84","$4,500.00","$8,824.40","$5,729.86",$0.00,"$4,550.00","$7,392.99","$11,543.09","$18,994.64","$21,444.00","$24,742.00","$50,303.00","$11,518.00","$31,885.00","$47,623.00","$54,106.22","$22,237.00","$45,669.00","$22,868.00","$66,252.00",,"$66,437.00","$66,778.00","$76,665.00","$142,770.00","$354,384.00","$1,140,000.00","$298,760.00","$934,474.66","$1,060,000.00","$1,020,000.00","$1,930,000.00","$1,010,000.00",8838630.18,1767202,$5.00,232
Hawaii,$0.00,$446.25,$0.00,$0.00,$197.83,$0.00,$0.00,"$3,016.00",$0.00,$0.00,$0.00,$0.00,$0.00,$0.00,$0.00,$0.00,$0.00,$0.00,$0.00,$0.00,$0.00,$0.00,$0.00,$0.00,$0.00,$0.00,$0.00,$0.00,$0.00,$0.00,$0.00,$0.00,$0.00,$0.00,$0.00,$0.00,$0.00,$0.00,$0.00,$0.00,$0.00,"$1,150.00",$989.00,$0.00,$0.00,$0.00,$0.00,$0.00,$52.00,"$7,995.00","$12,617.00",22803,181278,$0.13,1
Idaho,"$49,188.55","$7,899.77",$0.00,"$2,799.00","$8,374.98",$0.00,$0.00,"$410,985.00",$0.00,"$2,682.43","$26,536.61",$0.00,"$44,670.66","$2,419.02","$10,350.45",$490.00,"$6,249.24",$129.95,"$1,500.91","$6,736.99",$0.00,"$11,295.17","$1,354.35","$2,806.90","$2,406.64","$4,725.69","$3,689.45","$2,050.00",$0.00,"$3,524.00","$6,514.00","$36,777.00","$8,488.69","$7,712.00","$24,871.00",$0.00,"$22,860.00","$7,694.49","$22,604.00","$15,470.00","$21,157.00","$24,880.00","$31,529.00","$75,416.00","$217,126.00","$78,898.00","$167,114.88","$295,283.00","$462,816.00","$407,992.00","$337,143.00",2405964.52,310522,$7.75,173
Illinois,"$394,068.74","$1,648,952.85","$1,150,000.00","$149,323.69","$117,178.22","$25,789.20","$47,733.00","$8,330,000.00","$35,096.00",,"$142,116.68","$698,467.00","$96,654.35","$112,908.78","$274,095.00","$25,855.36","$11,687.65","$3,212.53","$6,523.40",$0.00,"$69,297.97","$33,178.19","$1,899.90","$49,752.92","$9,949.56",22884.82*,"$47,302.79","$3,175.00","$37,239.91","$66,229.00","$62,544.00","$100,598.00","$73,461.00","$52,080.00","$137,071.00","$104,295.00","$104,571.00","$152,584.00","$313,261.00","$155,729.00","$305,667.00","$411,617.00","$641,134.00","$723,315.00","$1,300,000.00","$2,220,000.00","$1,840,000.00","$1,760,000.00","$4,740,000.00","$3,580,000.00","$5,010,000.00",25512568.99,1982327,$12.87,1056
Indiana,$0.00,"$1,200.00","$64,650.00","$142,979.00","$20,079.41",$499.00,$0.00,"$339,584.00","$9,326.00","$1,573.48","$7,257.66","$46,650.00","$29,991.59","$18,357.57","$34,187.59",$175.85,"$2,193.00",$0.00,$92.39,$0.00,$0.00,"$6,240.00",$0.00,$0.00,"$4,417.86",$719.84,"$4,187.72","$5,237.00","$2,322.00","$1,831.00","$4,138.00","$28,014.00","$14,431.72","$11,037.00","$9,020.00","$18,746.00","$16,874.00","$9,661.00","$46,261.00","$20,227.60","$13,686.00","$42,717.00","$93,448.00","$196,709.00","$207,043.00","$214,773.00","$583,079.89","$531,638.00","$773,419.00","$585,594.00","$1,700,000.00",5295277.76,1055706,$5.02,432
Iowa,"$194,043.45","$221,254.00","$93,903.00","$14,162.50","$8,102.10","$25,910.09",$0.00,"$3,390,000.00",$0.00,"$3,936.75","$39,991.61","$93,903.20","$14,766.68","$29,728.96","$20,849.00",$676.45,"$5,729.00","$5,551.90",$738.31,"$3,000.00","$3,549.00","$23,985.04",$0.00,$0.00,"$5,501.88",854.91*,"$6,622.57",$0.00,"$7,776.60","$6,920.00","$7,851.00","$29,729.00","$19,756.00","$10,448.00","$42,025.00","$55,577.00","$11,852.00","$21,745.00","$22,143.00","$18,464.00","$11,562.00","$63,034.00","$51,874.00","$161,443.00","$28,477.00","$96,901.00","$486,684.81","$610,929.00","$1,380,000.00","$592,311.00","$1,050,000.00",5046032.76,514833,$9.80,339
Kansas,"$62,667.40","$24,839.00","$1,375.00","$1,596.00","$3,042.54",$0.00,$0.00,"$623,899.00","$1,514.00","$2,905.56","$11,836.67","$1,375.00","$21,568.79","$21,659.11","$23,333.00",$0.00,$976.00,"$4,585.14",$130.46,$34.00,$0.00,"$6,521.34",$934.80,"$4,196.60","$3,487.73",$690.96,"$5,480.08",$375.42,"$8,884.66","$4,892.00","$7,679.00","$12,874.00","$26,743.00","$14,196.00","$23,150.00","$18,370.00","$18,576.00","$4,350.00","$103,713.00","$43,226.00","$62,227.00","$110,954.00","$62,393.00","$166,277.00","$260,933.00","$76,885.00","$349,052.51","$1,470,000.00","$910,118.00","$647,441.00","$716,014.00",5230552.83,497733,$10.51,311
Kentucky,"$33,069.70","$371,686.69","$253,477.00","$13,872.00","$50,142.38","$4,198.00",$0.00,"$1,060,000.00","$1,413.00","$6,149.62","$39,046.58","$253,476.00","$41,272.13","$40,575.49","$51,189.00",$0.00,"$4,318.99","$21,529.44","$3,749.41","$3,000.00","$11,432.00","$6,235.94",$0.00,$0.00,"$10,072.22","$7,459.49","$14,301.04",$620.00,"$153,707.00","$10,065.00","$41,244.00","$23,623.00","$45,641.53","$7,779.94","$14,358.00","$36,023.00","$36,675.00","$78,630.00","$688,417.00","$78,274.00","$42,295.00","$94,192.00","$110,407.00","$109,584.00","$238,383.00","$76,362.00","$482,208.90","$560,249.00","$1,110,000.00","$1,290,000.00","$1,690,000.00",7533958.72,677821,$11.11,186
Louisiana,"$1,011.20","$11,179.11","$1,450,000.00","$1,199.99","$1,177.07","$3,500.00",$0.00,"$4,510,000.00",$0.00,$589.98,"$19,489.17","$91,715.00","$2,889.74","$6,387.46","$8,926.09",$0.00,"$2,022.96",$0.00,"$3,809.06",$0.00,"$2,194.00","$1,500.00",$783.90,"$4,860.52","$1,759.58","$3,476.70",$843.66,$79.98,$498.00,$22.56,"$3,377.00","$4,990.00","$12,269.42","$1,676.45","$26,611.00","$1,330.96","$17,854.00","$4,547.00","$103,729.00","$46,563.00","$24,990.00","$63,763.00","$35,613.00","$27,069.00","$165,217.00","$31,513.00","$124,662.16","$131,030.00","$341,977.00","$554,258.00","$400,860.00",2275748.35,711783,$3.20,204
Maine,$508.60,"$59,815.17",$0.00,$0.00,"$1,076.77",$0.00,$0.00,"$134,943.00",$0.00,$0.00,"$4,988.05",$0.00,$244.69,"$5,178.98","$4,537.60",$313.60,"$1,309.99",$0.00,$107.95,$0.00,"$4,036.00","$1,837.99",$0.00,"$1,316.70","$1,631.30",$549.95,$193.61,$0.00,"$1,898.00",$0.00,$798.00,"$4,740.00",$0.00,"$1,200.00","$2,302.00","$2,661.54","$2,427.00","$6,342.00","$4,931.00","$3,336.00","$2,961.00","$10,474.00","$14,324.00","$14,530.00",$0.00,"$77,695.00","$48,726.19","$74,005.00","$264,073.00","$193,868.00","$64,835.00",822373.14,180461,$4.56,276
Maryland,"$2,983.73","$10,226.50",$0.00,$399.00,"$9,092.11",$0.00,$0.00,"$2,100,000.00",$0.00,"$1,599.95","$355,499.01",$0.00,"$49,165.10","$12,615.75","$87,429.00",$359.85,"$2,889.00",$0.00,"$3,596.94",$0.00,$0.00,$0.00,$0.00,$429.00,"$3,166.30","$1,868.88","$2,339.89","$10,603.85",$0.00,"$1,399.93","$9,289.00",$0.00,"$5,213.00","$60,415.00","$13,562.00","$102,861.00","$3,750,000.00","$66,555.00","$78,758.00","$181,778.00","$6,060.00","$28,695.00","$122,234.00","$103,176.00","$133,719.00","$157,724.00","$458,884.37","$1,880,000.00","$1,480,000.00","$903,026.00","$2,390,000.00",12464911.82,896827,$13.90,25
Massachusetts,"$14,073.29","$975,173.70","$77,723.00",$0.00,"$17,370.20","$11,999.00",$0.00,"$641,545.00",$149.00,$514.28,"$35,697.69","$77,723.39","$10,697.13","$16,498.43","$17,577.00","$1,338.99","$7,048.64",$0.00,$618.66,$0.00,$0.00,"$17,795.23","$1,940.25","$67,119.41",$347.28,"$2,649.69","$3,372.50",$901.00,$0.00,"$10,465.00","$11,860.00","$30,402.90","$26,297.00","$11,457.73","$15,108.00","$72,600.00","$21,668.00","$35,762.00","$51,199.00","$18,482.40","$41,422.00","$64,246.00","$99,764.00","$74,564.00","$22,992.00","$264,291.00","$479,961.08","$587,705.00","$882,177.00","$637,514.00","$748,827.00",4470753.68,962297,$4.65,432
Michigan,"$36,914.50","$309,442.46","$204,051.00","$47,707.00","$50,076.38","$24,084.19",$0.00,"$4,680,000.00","$7,293.00","$5,630.48","$23,397.11","$199,125.51","$58,776.56","$34,837.02","$100,377.00","$1,047.68","$5,246.25","$1,056.15",$798.02,$0.00,"$39,016.77","$7,246.01",$0.00,$0.00,"$11,063.73","$1,812.37","$16,614.37","$7,209.00","$3,595.00","$5,796.00","$22,820.00","$76,370.00","$12,083.00","$13,765.00","$21,052.00","$16,936.00","$25,256.00","$43,051.00","$60,441.00","$18,824.00","$64,932.00","$113,799.00","$163,711.00","$194,926.00","$199,932.00","$429,586.00","$675,300.25","$940,436.00","$2,130,000.00","$1,470,000.00","$1,990,000.00",9213158.28,1504194,$6.12,902
Minnesota,"$176,239.00","$9,126.63","$30,542.00","$125,634.00","$192,318.29","$173,038.18",$0.00,"$1,520,000.00","$4,097.00","$5,525.02","$100,606.45","$30,255.80","$32,718.20","$30,493.36","$70,043.00",$323.50,"$15,184.75",$832.86,"$1,304.02",$0.00,"$30,919.15","$20,307.00","$1,899.90","$10,605.50","$3,826.79","$2,984.64","$32,040.92","$6,582.00","$5,185.00","$10,503.00","$22,465.00","$24,549.00","$58,128.00","$11,451.00","$18,369.00","$71,318.00","$63,630.00","$36,534.00","$590,294.00","$120,726.00","$65,761.00","$132,355.00","$224,949.00","$289,457.00","$232,358.00","$353,942.00","$862,613.90","$1,030,000.00","$2,310,000.00","$2,050,000.00","$2,850,000.00",11835137.76,889304,$13.31,574
Mississippi,"$15,610.21","$394,497.90",$0.00,"$5,130.00","$1,025.60",$0.00,$0.00,"$107,023.00","$3,898.96","$6,713.99","$1,458.70",$0.00,$615.88,"$2,117.93","$19,896.63",$77.98,"$6,679.68",$0.00,$142.60,$0.00,$0.00,$0.00,$0.00,$0.00,$0.00,"$2,984.64",$499.00,$800.00,"$1,519.00",$75.84,"$2,183.00",$0.00,"$2,099.00","$1,249.20","$2,375.00",$800.00,$915.81,$948.00,"$20,928.00","$6,086.60",$70.00,"$39,187.00","$6,680.00","$46,671.00","$3,895.00","$31,631.00","$88,432.09","$101,802.00","$37,162.00","$111,604.00","$439,808.00",992007.53,471298,$2.10,155
Missouri,"$80,653.00","$56,529.36","$390,907.00","$62,896.80","$114,482.16","$1,498.00",$169.44,"$2,450,000.00","$1,968.00","$4,513.00","$39,392.62","$357,419.00","$100,217.13","$55,937.81","$124,607.00","$3,244.18","$10,225.27",$149.95,"$2,076.39",$0.00,"$34,757.97","$13,461.23",$0.00,"$3,672.43",$870.53,"$7,219.39","$47,425.81","$9,691.00","$7,224.00","$1,451.00","$10,281.00","$65,428.00","$64,229.00","$33,784.00","$93,853.00","$42,420.88","$42,124.00","$21,761.00","$152,454.00","$114,915.00","$105,453.00","$69,130.00","$199,643.00","$293,414.00","$547,129.00","$478,634.00","$561,643.99","$943,004.00","$2,970,000.00","$1,850,000.00","$3,020,000.00",12504824.58,913441,$13.69,564
Montana,"$2,514.70",$527.00,"$141,555.00","$8,850.00","$4,077.05",$0.00,$0.00,"$4,900,000.00",$0.00,$494.20,"$3,432.89","$141,555.04","$10,638.74","$5,054.50","$4,587.41",$0.00,$369.00,"$3,099.71",$0.00,$0.00,$0.00,"$3,359.07",$0.00,$251.90,$0.00,786.38*,$800.00,$0.00,"$2,356.76",$369.01,$0.00,"$2,594.00","$2,747.58",$0.00,"$15,103.00","$2,446.55","$7,346.00","$4,865.00","$4,406.00","$4,078.00",$0.00,$967.00,"$9,686.00","$21,641.00","$69,996.00","$13,258.00","$97,946.99","$76,346.00","$295,553.00","$204,103.00","$428,100.00",1437551.35,148844,$9.66,488
Nebraska,"$65,634.10","$529,064.55","$1,650,000.00",4740*,"$8,894.58","$16,588.60",$0.00,"$938,109.00",$0.00,"$3,689.00","$21,765.41","$1,219,899.00","$27,394.72","$40,440.91","$80,840.00","$8,630.85","$4,518.00",$0.00,"$1,671.69","$20,997.00",$0.00,"$16,644.57",$0.00,$0.00,"$1,455.15","$5,871.54","$10,366.80",$54.00,$800.00,"$1,016.00","$5,339.88","$22,468.00","$24,259.00","$3,247.00",$120.00,"$16,774.00","$13,599.00","$49,929.00","$31,442.00","$34,836.00","$87,862.00","$179,028.00","$67,678.00","$118,208.00","$194,907.00","$201,183.00","$398,686.75","$1,200,000.00","$1,000,000.00","$362,459.00","$1,480,000.00",6958080.27,326392,$21.32,279
Nevada,"$24,698.94","$12,500.00","$322,389.00","$23,993.72","$9,995.33","$12,842.74",$575.10,"$363,843.00",$0.00,$35.99,"$10,434.49","$77,430.00","$10,736.83","$20,588.69","$57,057.00",$394.80,$0.00,$484.90,$738.42,$0.00,$0.00,"$1,498.00",$0.00,"$23,853.00","$1,480.54","$1,708.42",$29.25,"$4,995.00",$499.00,"$5,590.00",$0.00,"$6,688.00","$18,800.76","$6,785.00","$39,406.00","$4,953.78","$41,701.00","$11,728.00","$27,407.00","$26,435.00","$58,863.00","$26,475.00","$69,877.00","$148,797.00","$2,310,000.00","$91,962.00","$135,853.52","$131,080.00","$248,781.00","$435,934.00","$2,000,000.00",6059081.39,498614,$12.15,21
New Hampshire,$286.46,$0.00,$0.00,"$1,400.00","$3,459.58","$1,499.00",$0.00,"$113,460.00",$0.00,$0.00,"$3,703.34",$0.00,"$4,883.97","$3,308.42","$11,241.00",$0.00,$671.59,$0.00,$44.10,$0.00,$0.00,$0.00,$0.00,$480.90,$0.00,$0.00,$0.00,$0.00,$800.00,$169.98,$0.00,$0.00,$0.00,$488.00,$0.00,"$6,566.86","$6,656.00","$5,989.00","$5,690.00","$3,931.00","$5,919.00","$7,731.00","$5,667.00","$6,570.00","$51,190.00","$12,284.00","$68,663.47","$69,185.00","$143,036.00","$106,570.00","$134,528.00",665967.63,178515,$3.73,308
New Jersey,"$211,745.01","$221,643.48","$270,170.00","$104,561.39","$130,452.29","$20,712.00",$0.00,"$5,850,000.00","$12,900.00","$6,400.20","$280,685.90","$258,873.00","$133,945.02","$115,645.07","$140,970.00","$1,650.49","$7,271.17","$3,931.00","$9,039.19","$12,000.00",$0.00,"$40,593.74","$15,091.38","$20,350.57","$39,351.76",15837.84*,"$14,801.19","$17,046.00","$12,567.00","$24,804.00","$31,856.00","$50,187.00","$147,850.00","$37,112.00","$300,732.00","$47,021.00","$83,371.00","$151,341.00","$325,055.00","$133,748.00","$168,322.00","$232,870.00","$570,960.00","$332,839.00","$424,972.00","$1,770,000.00","$1,900,000.00","$3,370,000.00","$2,570,000.00","$3,480,000.00","$1,840,000.00",19136152.68,1400069,$13.67,688
New Mexico,"$6,364.25","$334,359.96","$1,180,000.00","$18,078.90",7924.19*,"$1,497.99",$0.00,"$2,860,000.00",$572.47,"$1,634.19","$22,167.27","$81,590.00","$35,413.34","$8,112.41","$43,906.00","$1,180.60","$3,741.00",$259.51,"$2,142.41",$0.00,$0.00,"$8,991.54",$622.71,"$5,809.90","$3,049.69","$7,864.99","$4,190.57","$3,099.00",$0.00,"$3,291.00",$837.00,"$36,356.00","$13,601.00",$600.00,"$23,616.00","$1,070.80","$18,920.00","$27,072.00","$59,319.00","$30,701.00","$19,912.00","$20,734.00","$52,269.00","$19,359.00","$887,116.00","$46,591.00","$387,803.90","$342,642.00","$391,629.00","$889,540.00","$625,043.00",4132370.3,333537,$12.39,147
New York,"$182,102.59","$178,056.10","$1,940,000.00","$328,410.69","$88,589.37","$20,846.85",$266.00,"$7,900,000.00","$10,815.00","$13,004.00","$348,377.95","$72,927.00","$224,797.68","$338,420.51","$331,673.00","$6,013.80","$50,811.55","$19,953.93","$9,008.15","$5,000.00","$10,264.00","$63,022.58","$16,419.12","$39,666.42","$18,747.75","$36,537.75","$52,243.69","$11,757.00","$48,047.00","$29,124.00","$63,164.00","$226,453.00","$268,674.00","$176,762.00","$456,812.00","$302,133.00","$221,450.00","$258,558.00","$409,567.00","$144,739.00","$409,377.00","$602,954.00","$983,579.00","$782,326.00","$5,760,000.00","$1,420,000.00","$3,470,000.00","$3,450,000.00","$3,130,000.00","$4,810,000.00","$6,360,000.00",35463179.88,2700833,$13.13,1062
North Carolina,"$15,757.22","$429,895.22","$6,001.00","$16,149.00","$10,027.79",$0.00,"$2,849.05","$368,307.00","$3,172.00","$25,570.86","$55,222.93","$6,001.41","$66,958.98","$159,372.96","$80,334.00","$7,121.61","$2,491.06",$825.18,"$9,997.58","$3,000.00","$5,318.25","$7,026.49","$1,877.99",$0.00,"$4,218.05","$9,515.35","$19,659.74","$47,025.00","$3,816.00","$40,011.00","$59,222.00","$102,111.00","$44,676.00","$33,251.00","$20,043.00","$48,682.00","$49,469.00","$50,844.00","$250,392.00","$86,561.00","$106,295.00","$128,867.00","$461,593.00","$816,007.00","$311,418.00","$217,452.00","$1,150,000.00","$4,910,000.00","$1,280,000.00","$2,230,000.00","$2,040,000.00",14955419.44,1552497,$9.63,346
North Dakota,"$14,591.30",$0.00,$0.00,$399.00,"$2,865.56",$499.00,$0.00,"$337,031.00",$0.00,$40.00,"$6,420.79",$0.00,"$11,410.24","$16,006.55","$22,468.86",$990.00,$254.76,$39.94,$690.09,$0.00,$0.00,$0.00,$0.00,$0.00,$0.00,-$662.66,"$5,242.42",$0.00,$0.00,"$1,384.00","$36,274.00",$0.00,"$2,752.00","$3,115.00",$0.00,"$8,343.00","$3,744.00","$3,338.00","$23,419.00","$9,208.00",$0.00,"$31,285.00","$55,694.00","$85,143.00","$36,985.00","$6,647.00","$225,383.56","$280,049.00","$255,459.00","$454,130.00","$501,698.00",2086951.55,113845,$18.33,221
Ohio,"$76,289.26","$34,642.00","$11,207.00","$115,328.11","$61,587.82","$17,191.20",$0.00,"$1,110,000.00","$22,745.00",$996.54,"$139,124.75","$7,556.90","$112,479.62","$75,487.96","$166,046.53","$2,787.08","$15,789.17",$519.94,"$6,013.87","$70,568.05","$193,050.97","$40,245.00",$546.41,"$4,295.41","$21,707.41","$30,723.67","$20,496.11","$17,431.00","$61,615.00","$33,627.00","$72,831.00","$207,020.00","$51,770.00","$126,237.00","$155,997.00","$81,458.00","$143,485.00","$141,897.00","$343,346.00","$161,265.00","$297,318.00","$211,307.00","$429,564.00","$656,599.00","$628,454.00","$1,320,000.00","$1,750,000.00","$1,860,000.00","$4,650,000.00","$2,970,000.00","$5,940,000.00",23242401.39,1695762,$13.71,1045
Oklahoma,"$597,602.88","$1,950.00","$78,678.00","$2,198.00","$6,990.76","$11,564.00",$0.00,"$4,320,840.00",$920.00,"$1,265.70","$2,314.87","$78,678.00","$19,697.68","$7,309.20","$5,815.91",$0.00,"$5,603.00",$259.90,"$1,996.87",$0.00,$0.00,$125.77,"$1,298.80",$0.00,"$1,395.42",$0.00,"$17,071.19","$7,950.00","$4,500.00",$299.97,"$14,983.00","$5,995.00","$11,844.00","$3,798.00","$11,306.00","$13,745.00","$13,662.00","$8,977.00","$30,503.00","$45,491.00","$2,800.00","$15,153.60","$33,675.00","$56,533.00","$34,547.00","$154,497.00","$213,685.25","$744,575.00","$366,734.00","$230,620.00","$679,121.00",2848747.13,698891,$4.08,597
Oregon,"$4,760.69","$356,996.68","$1,120,000.00",2340*,"$5,891.05",$0.00,$0.00,"$1,150,000.00","$2,392.00","$2,385.99","$49,460.42","$43,720.00","$21,725.67","$16,083.42",$495.33,$286.72,"$4,378.30",$0.00,$167.89,$0.00,$0.00,"$1,879.20",$0.00,$0.00,$84.00,"$2,239.93",3070.06*,$0.00,"$6,224.00","$2,699.90",$432.98,"$40,736.00","$15,124.00","$15,348.00","$33,557.00","$4,360.50","$10,691.00","$510,218.00","$14,980.00","$15,123.00","$69,618.00","$15,645.00","$43,876.00","$162,722.00","$499,871.00","$26,521.00","$203,805.71","$324,374.00","$766,229.00","$772,740.00","$431,927.00",4132121.96,609507,$6.78,222
Pennsylvania,"$403,218.43","$1,684.67","$421,875.00","$227,842.19","$77,033.52","$68,962.00",$0.00,"$5,910,000.00","$108,372.00","$11,859.51","$161,067.37","$423,597.37","$367,648.44","$193,550.69","$203,972.00","$56,444.13","$24,550.08","$4,777.11","$10,474.15",$0.00,$0.00,"$20,440.04","$3,834.83","$28,782.71","$44,461.49","$22,826.83","$24,128.76","$12,932.00","$18,402.00","$46,282.00","$22,133.00","$214,968.88","$100,448.00","$725,770.00","$187,827.00","$187,964.00","$262,407.00","$273,745.00","$460,968.00","$179,138.00","$374,466.00","$421,467.00","$654,059.00","$1,030,000.00","$342,056.00","$1,550,000.00","$1,940,000.00","$2,130,000.00","$3,500,000.00","$3,860,000.00","$4,270,000.00",24475820.39,1730757,$14.14,789
Rhode Island,"$337,099.81","$323,266.62","$2,684.00","$14,840.00","$2,000.44","$5,998.00",$0.00,"$637,864.00","$3,315.00",$0.00,"$14,411.05","$2,383.94","$12,128.16","$7,030.49","$1,072.00","$1,716.50","$1,023.06",$0.00,$87.95,$0.00,$0.00,$899.00,$0.00,"$13,554.50",$639.25,5696.83*,$105.91,$0.00,"$5,079.00",$999.92,"$4,059.73","$13,003.00","$12,042.45","$3,847.69","$21,468.00","$2,129.70","$11,876.00","$7,335.00","$11,484.00","$4,885.00","$13,942.00","$22,365.00","$23,685.00","$14,647.00","$57,547.00","$128,246.00","$184,625.81","$299,758.00","$213,190.00","$471,807.00","$297,434.00",1883823.11,143436,$13.13,64
South Carolina,"$28,002.00","$97,325.00",$0.00,"$13,240.00","$3,818.83","$35,650.98","$28,400.00","$967,314.00","$1,019.00","$1,042.40","$22,243.75",$0.00,"$28,752.14","$2,904.27","$31,665.07",$0.00,$588.00,$161.76,$0.00,$0.00,$0.00,"$1,099.00",$0.00,"$1,473.44",$738.90,3198.3*,"$2,095.00",$0.00,$0.00,$819.00,$0.00,"$32,768.70","$4,242.59","$42,915.00","$10,755.00","$1,258.85",$280.00,"$14,333.00","$194,006.00","$10,098.00","$5,668.00","$70,337.00","$116,323.00","$84,184.00","$514,277.00","$166,781.00","$325,906.28","$1,270,000.00","$902,910.00","$1,500,000.00","$1,380,000.00",6741645.15,780882,$8.63,103
South Dakota,"$1,097.05","$18,476.53","$1,445.00","$9,000.00",90.99*,"$32,992.99",$0.00,"$273,724.00",$0.00,$337.00,"$1,594.25","$1,445.00","$6,512.90","$4,670.98","$1,654.05",$861.63,$394.69,$423.47,$0.00,$0.00,"$7,838.00",$0.00,$0.00,$0.00,$0.00,$149.99,$549.95,$0.00,"$1,493.94",$0.00,"$13,025.00","$5,495.00",$499.99,"$1,675.00","$9,625.00",$140.00,"$2,041.00","$6,587.00","$8,107.90","$5,814.27",$0.00,"$20,850.00","$10,056.00","$39,653.00","$16,945.00","$23,682.00","$51,711.85","$269,965.00","$672,481.00","$159,046.00","$258,935.00",1604260.86,138975,$11.54,166
Tennessee,$0.00,"$383,154.95","$2,476.00","$8,199.00","$5,723.76","$11,992.00",$0.00,"$649,173.00",$0.00,$246.03,"$9,518.45","$2,476.00","$36,530.35","$6,972.90","$48,818.00",$17.50,"$1,843.00","$3,259.50",$637.15,"$3,772.70","$2,881.00",$596.00,"$5,827.00",$649.59,"$3,399.32",949.9*,"$5,081.74","$1,585.00","$3,394.00","$1,045.00","$8,370.00","$5,995.00","$37,617.00","$3,220.00",$519.00,"$15,117.00","$22,919.00","$13,792.00","$312,242.00","$28,816.79","$7,047.00","$47,520.00","$69,652.00","$152,660.00","$244,192.00","$71,190.00","$427,679.86","$365,015.00","$586,146.00","$416,595.00","$670,808.00",3645662.88,1007624,$3.62,147
Texas,"$59,239.24","$29,940,000.00","$1,400.00","$182,007.71","$185,575.50","$342,204.15","$15,235.78","$8,550,000.00","$49,834.00","$81,528.00","$444,841.96",$0.00,"$1,210,000.00","$381,076.77","$1,080,000.00","$20,653.86","$19,152.55","$17,644.22","$22,220.81","$3,150.00","$34,085.00","$20,855.99","$74,130.64","$468,835.16","$94,935.83",64767.28*,"$146,700.44","$21,796.00","$79,677.00","$124,374.00","$186,113.00","$146,889.00","$889,838.00","$179,721.00","$251,676.00","$735,294.67","$466,522.66","$376,379.00","$1,020,000.00","$734,744.00","$1,100,000.00","$1,110,000.00","$1,700,000.00","$2,000,000.00","$3,470,000.00","$4,500,000.00","$5,480,000.00","$15,450,000.00","$11,900,000.00","$16,750,000.00","$16,570,000.00",89412669.56,5433471,$16.46,1230
Utah,"$25,157.64",$0.00,$0.00,"$33,479.94","$6,402.21","$16,969.00",$0.00,"$168,266.00","$3,823.00",$515.00,"$31,772.79",$0.00,"$18,576.71","$84,893.19","$16,698.00","$1,232.05","$3,780.00","$1,260.00",$0.00,$0.00,$0.00,"$5,001.54",$185.00,"$20,416.86","$2,094.80","$10,733.25",$431.94,"$3,799.98","$2,497.00",$966.96,"$19,084.00","$23,184.00","$17,715.00","$15,537.00","$2,945.00","$14,290.00","$12,081.00","$15,123.00","$23,144.48","$15,245.00","$56,591.00","$129,079.00","$74,072.00","$353,101.00","$119,164.00","$121,843.00","$306,061.53","$352,179.00","$856,381.00","$1,460,000.00","$818,120.00",5013618.08,677031,$7.41,163
Vermont,$0.00,$0.00,$0.00,$0.00,"$1,877.59",$0.00,$0.00,"$117,284.00",$0.00,$0.00,"$2,228.07",$0.00,"$1,464.97","$1,459.89","$3,985.80",$0.00,$0.00,$0.00,$134.96,$0.00,$0.00,$0.00,$191.96,$877.80,$31.89,$0.00,$181.68,$0.00,"$2,733.00",$0.00,"$16,329.79","$5,066.00",$0.00,"$1,336.50","$2,500.00","$9,629.77",$750.00,"$19,813.00","$1,120.00","$2,222.04","$6,363.00","$1,700.00","$7,865.00","$5,995.00",$0.00,"$15,540.00","$34,753.16","$37,089.00","$97,754.00","$55,694.00","$33,018.00",367828.28,87359,$4.21,235
Virginia,"$32,487.94",$695.00,"$1,000.00","$10,412.00","$88,627.14","$2,000.00",$357.79,"$6,300,000.00",$570.00,"$2,877.30","$74,564.22","$1,000.00","$70,932.88","$80,899.33","$69,827.00","$1,216.62","$41,726.87",$129.95,"$1,413.41",$0.00,"$66,065.00","$7,980.00",$0.00,"$96,335.23","$4,024.60","$11,119.76","$33,196.98","$10,483.00","$9,034.00","$35,989.00","$15,423.00","$27,380.00","$25,671.00","$80,114.00","$49,324.00","$57,840.00","$83,715.00","$100,716.00","$61,382.00","$63,196.00","$237,116.00","$236,701.00","$134,124.00","$339,465.00","$580,041.00","$389,625.00","$1,660,000.00","$1,190,000.00","$1,080,000.00","$1,400,000.00","$1,740,000.00",10171218.15,1289367,$7.89,215
Washington,"$980,705.72","$1,060,000.00","$4,160,000.00","$55,803.68","$89,545.60","$172,222.44",$0.00,"$10,920,000.00","$91,096.00","$10,952.66","$174,211.67","$275,423.00","$114,442.00","$46,241.23","$188,272.00","$5,759.66","$6,422.68","$4,256.86","$16,582.06","$48,000.00","$56,149.32","$46,786.07","$4,069.78","$1,068.00","$7,822.45",6626.57*,"$7,110.97","$8,819.00","$12,535.00","$18,257.00","$27,899.00","$190,475.00","$48,845.00","$130,886.00","$257,248.00","$168,453.00","$100,011.00","$64,066.00","$113,648.00","$199,909.00","$528,542.00","$184,437.00","$206,351.00","$554,476.00","$717,055.00","$628,368.00","$2,400,000.00","$2,510,000.00","$7,940,000.00","$7,340,000.00","$6,440,000.00",31894946.41,1123736,$28.38,337
West Virginia,"$468,635.00",$0.00,$0.00,"$6,379.00","$3,824.04","$5,949.00",$0.00,"$701,724.00",$0.00,$587.00,"$5,903.90",$0.00,"$20,676.81","$21,395.60","$109,305.00",$553.37,$508.95,"$1,611.59","$1,930.88",$0.00,$0.00,$0.00,$0.00,"$8,550.04","$8,157.57","$2,772.20","$2,089.64","$3,325.00","$30,972.00","$3,034.00","$10,562.00","$33,587.00","$25,615.00","$17,669.00","$12,700.00","$8,932.00","$85,234.00","$8,408.00","$16,158.00","$25,613.00","$39,645.00","$78,048.00","$107,539.00","$179,043.00","$142,400.00","$31,919.00","$316,216.63","$219,881.00","$423,623.00","$463,423.00","$849,997.00",3317586.18,267976,$12.38,57
Wisconsin,"$490,259.43","$176,667.48","$1,080,000.00","$32,350.35","$50,747.22","$50,169.99",$695.00,"$1,550,000.00","$1,063.00","$21,397.56","$80,216.71","$364,051.00","$91,380.20","$44,354.36","$163,448.00","$4,472.62","$7,683.46",$790.46,"$4,217.01","$9,330.00","$46,319.75","$28,739.55",$0.00,"$12,143.19","$17,403.55","$5,974.59","$28,854.03","$5,242.00","$15,005.00","$6,919.00","$15,689.00","$75,313.00","$92,827.00","$13,078.00","$22,316.00","$78,879.00","$50,771.00","$56,863.00","$153,834.00","$121,828.00","$75,433.00","$214,969.00","$239,992.00","$337,965.00","$281,159.00","$412,941.00","$1,070,000.00","$747,129.00","$2,700,000.00","$1,660,000.00","$2,800,000.00",12179991.04,859333,$14.17,464
Wyoming,"$69,920.12","$82,931.95","$2,464.00","$27,951.00","$4,762.58","$8,493.00",$0.00,"$364,643.00",$0.00,$53.04,"$1,121.33","$2,464.00","$2,975.41","$5,520.32","$9,108.08",$0.00,"$1,299.00",$0.00,$436.98,$0.00,$0.00,$0.00,$0.00,$0.00,$94.71,$676.05,$34.18,"$4,410.00",$0.00,"$1,940.00",$283.00,"$3,920.00","$1,893.46",$0.00,"$2,129.00","$1,174.00","$1,965.00","$7,789.00","$9,480.00","$3,375.10","$6,434.00","$9,497.62","$4,913.00","$12,717.00",$400.00,"$8,973.00","$123,269.68","$340,987.00","$309,126.00","$212,216.00","$122,069.00",1212743.96,94313,$12.86,62